{
  "alpha": 0.2405248617556775,
  "beta": 3.195064239846279,
  "method": "nelder-mead-rank",
  "rank_loss": 0.2405944145650858,
  "calibrator": "isotonic",
  "MAE": 42.632139764032395,
  "RMSE": 55.74233947254336,
  "R2": 0.6775042983052577,
  "Spearman": 0.7721884965853089
}